profile_url,name,title,company,location,industry,connections,about
https://linkedin.com/in/johndoe,John Doe,Senior Software Engineer,Tech Corp,San Francisco CA,Computer Software,500+,"Passionate software engineer with 8+ years of experience in full-stack development. Specialized in React, Node.js, and cloud architecture."
https://linkedin.com/in/sarahsmith,Sarah Smith,Product Manager,Innovation Labs,New York NY,Technology,1000+,"Product leader driving innovation in AI/ML products. Former consultant with expertise in SaaS and enterprise solutions."
https://linkedin.com/in/mikechen,Mike Chen,Data Scientist,DataTech Inc,Seattle WA,Information Technology,750+,"Data scientist specializing in machine learning and predictive analytics. PhD in Computer Science with focus on NLP."
https://linkedin.com/in/emilyjones,Emily Jones,Marketing Director,Brand Studio,Austin TX,Marketing and Advertising,1500+,"Creative marketing professional with 10+ years experience. Expert in digital marketing, brand strategy, and content creation."
https://linkedin.com/in/davidlee,David Lee,DevOps Engineer,Cloud Solutions,Boston MA,Computer Software,450+,"DevOps specialist with strong background in AWS, Kubernetes, and CI/CD pipelines. Passionate about automation."
https://linkedin.com/in/lisawang,Lisa Wang,UX Designer,Design Co,Los Angeles CA,Design,600+,"User experience designer focused on creating intuitive and accessible digital products. 6 years of experience in B2B SaaS."
https://linkedin.com/in/jamesbrown,James Brown,Sales Manager,Enterprise Sales Group,Chicago IL,Sales,2000+,"B2B sales professional with track record of exceeding quotas. Specialized in enterprise software solutions."
https://linkedin.com/in/mariagonzalez,Maria Gonzalez,HR Director,PeopleFirst Corp,Miami FL,Human Resources,1200+,"HR leader passionate about building inclusive workplace cultures. Expert in talent acquisition and employee development."
https://linkedin.com/in/robertwilson,Robert Wilson,Financial Analyst,FinTech Solutions,Denver CO,Financial Services,800+,"Financial analyst with expertise in corporate finance and investment analysis. CFA charterholder."
https://linkedin.com/in/jennifertaylor,Jennifer Taylor,Content Strategist,Media House,Portland OR,Media Production,950+,"Content strategist and writer specializing in B2B tech content. Creating engaging stories that drive business results."
